{"cameraMode":{"drawMode":0,"name":"Shaded","section":"Shading Mode"},"sceneLighting":false,"audioPlay":false,"sceneViewState":{"showFog":true,"showMaterialUpdate":false,"showSkybox":false,"showFlares":true,"showImageEffects":true,"showParticleSystems":true},"in2DMode":false,"pivot":{"x":0.43000054359436037,"y":8.699999809265137,"z":31.290000915527345},"rotation":{"x":-0.22749243676662446,"y":0.7211471199989319,"z":-0.2766493260860443,"w":-0.5930086970329285},"size":11.431534767150879,"orthographic":false}